PK,exams_count,mean_score,median_score,max_score,min_score,grade_A_count,grade_B_count,grade_C_count,grade_D_E_F_count,target
929,10,89.6,90.0,94.0,83.0,6,4,0,0,graduated
1063,13,80.4,81.0,86.0,70.0,0,7,3,0,graduated
2906,11,0.0,0.0,0.0,0.0,0,0,0,0,graduated
4857,8,69.42857142857143,70.0,87.0,54.0,0,2,2,2,graduated
9054,10,,,,,0,0,0,0,graduated
108141,11,0.0,0.0,0.0,0.0,0,0,0,0,graduated
108817,10,66.88888888888889,64.0,95.0,50.0,1,1,2,5,expelled
110015,6,71.25,67.5,85.0,65.0,0,1,1,2,expelled
111498,6,76.0,70.0,95.0,65.0,1,1,1,2,expelled
111592,8,80.0,85.0,95.0,50.0,2,3,1,1,graduated
116105,6,76.0,70.0,95.0,65.0,1,1,1,2,expelled
116244,8,67.625,65.0,85.0,50.0,0,1,2,5,academic_leave
116556,8,57.714285714285715,50.0,84.0,50.0,0,1,0,6,expelled
116591,6,70.0,70.0,70.0,70.0,0,0,6,0,expelled
116745,12,95.0,95.0,95.0,95.0,12,0,0,0,graduated
116859,1,0.0,0.0,0.0,0.0,0,0,0,0,graduated
117109,6,87.33333333333333,91.0,98.0,69.0,3,2,0,1,graduated
117566,9,75.25,76.5,85.0,65.0,0,4,1,3,graduated
117656,11,90.72727272727273,90.0,97.0,80.0,7,4,0,0,graduated
118851,13,87.76923076923077,86.0,96.0,80.0,6,7,0,0,graduated
120673,10,88.2,87.0,98.0,79.0,2,7,1,0,graduated
121446,5,,,,,0,0,0,0,expelled
121972,6,71.25,67.5,85.0,65.0,0,1,1,2,expelled
122235,6,73.66666666666667,72.0,87.0,63.0,0,3,0,3,expelled
127491,2,86.5,86.5,93.0,80.0,1,1,0,0,expelled
127506,7,72.71428571428571,70.0,85.0,70.0,0,1,6,0,expelled
156414,7,70.0,70.0,70.0,70.0,0,0,1,0,expelled
156461,7,66.66666666666667,65.0,70.0,65.0,0,0,1,2,expelled
156859,7,67.0,65.0,83.0,50.0,0,1,2,4,academic_leave
159520,6,67.5,67.5,70.0,65.0,0,0,1,1,expelled
159573,7,,,,,0,0,0,0,expelled
162472,7,72.5,70.0,85.0,65.0,0,0,0,0,expelled
162903,8,61.333333333333336,55.0,78.0,52.0,0,0,2,4,expelled
165207,6,77.5,77.5,85.0,70.0,0,1,1,0,expelled
166150,9,74.375,73.5,85.0,65.0,0,2,4,2,graduated
166320,8,80.28571428571429,85.0,95.0,65.0,1,3,2,1,expelled
166871,7,64.2,65.0,74.0,52.0,0,0,2,2,academic_leave
166916,6,67.5,67.5,70.0,65.0,0,0,1,1,expelled
167242,7,67.5,67.5,70.0,65.0,0,0,1,1,expelled
173761,6,78.66666666666667,73.0,90.0,73.0,1,0,2,0,expelled
174345,7,69.33333333333333,65.0,89.0,60.0,0,1,1,4,expelled
178425,8,77.0,84.0,90.0,60.0,1,3,1,0,graduated
180308,6,,,,,0,0,0,0,expelled
180374,5,,,,,0,0,0,0,expelled
181160,2,75.0,75.0,80.0,70.0,0,1,1,0,expelled
183131,8,,,,,0,0,0,0,expelled
184531,8,82.66666666666667,84.0,95.0,65.0,3,0,2,1,expelled
185756,8,,,,,0,0,0,0,expelled
186525,11,75.4,77.5,94.0,50.0,2,3,2,3,academic_leave
187476,11,82.0,85.0,90.0,65.0,2,6,2,1,graduated
187517,3,,,,,2,1,0,0,graduated
187596,5,,,,,0,1,0,1,graduated
187606,8,78.85714285714286,85.0,95.0,51.0,1,3,2,1,graduated
187955,1,,,,,0,0,0,0,expelled
188070,10,71.11111111111111,70.0,90.0,50.0,1,1,5,2,graduated
188379,9,57.5,50.0,87.0,50.0,0,1,1,6,graduated
188458,8,79.33333333333333,79.0,95.0,65.0,1,2,2,1,expelled
188598,1,,,,,1,0,0,0,graduated
188672,12,61.5,70.0,95.0,0.0,1,3,3,2,graduated
189199,6,75.66666666666667,77.5,83.0,66.0,0,3,2,1,expelled
189454,1,,,,,0,0,0,0,expelled
191882,8,75.0,70.0,95.0,65.0,1,1,3,2,graduated
192033,2,0.0,0.0,0.0,0.0,0,0,0,0,graduated
194201,8,66.66666666666667,65.0,70.0,65.0,0,0,2,4,expelled
194354,6,62.5,62.5,70.0,50.0,0,0,2,2,academic_leave
194375,10,67.22222222222223,70.0,85.0,50.0,0,1,4,4,graduated
194630,7,66.66666666666667,65.0,70.0,65.0,0,0,1,2,expelled
196008,8,,,,,0,0,0,0,expelled
196553,8,69.71428571428571,73.0,85.0,50.0,0,3,1,3,expelled
200492,6,70.16666666666667,70.0,78.0,65.0,0,0,4,2,academic_leave
200894,3,,,,,0,0,0,0,expelled
201372,8,71.42857142857143,73.0,85.0,50.0,0,2,2,3,graduated
202532,7,73.75,67.5,95.0,65.0,1,0,1,2,expelled
203112,8,74.25,75.5,85.0,50.0,0,3,3,2,academic_leave
206912,6,71.25,67.5,85.0,65.0,0,1,1,2,expelled
207133,7,80.0,80.0,80.0,80.0,0,1,0,0,graduated
207198,1,80.0,80.0,80.0,80.0,0,1,0,0,graduated
207202,7,,,,,0,0,0,0,expelled
208800,8,61.0,60.0,73.0,50.0,0,0,1,1,expelled
209699,7,65.8,63.0,88.0,50.0,0,1,0,2,expelled
213972,1,,,,,0,0,0,0,graduated
216012,9,79.125,85.0,98.0,60.0,1,4,1,1,graduated
217812,1,,,,,0,0,0,0,graduated
217818,1,60.0,60.0,60.0,60.0,0,0,0,0,expelled
217911,10,74.0,75.0,90.0,52.0,1,0,7,1,expelled
218062,2,,,,,0,0,0,0,academic_leave
218196,1,87.0,87.0,87.0,87.0,0,1,0,0,expelled
218763,10,67.1,65.0,89.0,50.0,0,2,3,4,graduated
219063,10,73.0,73.0,73.0,73.0,0,0,1,0,expelled
219369,8,83.14285714285714,85.0,95.0,65.0,2,3,1,1,graduated
219705,5,,,,,0,0,0,0,expelled
219896,20,62.8,61.0,90.0,50.0,1,0,3,6,expelled
219946,8,64.125,62.5,89.0,50.0,0,1,1,5,graduated
220304,19,0.0,0.0,0.0,0.0,0,0,0,1,expelled
220887,10,33.5,32.5,70.0,0.0,0,0,2,3,expelled
220975,8,78.28571428571429,80.0,95.0,65.0,1,3,1,2,graduated
221182,6,,,,,0,2,0,3,expelled
221311,1,,,,,0,0,0,0,expelled
222154,8,60.25,61.0,72.0,50.0,0,0,1,4,graduated
222357,2,76.0,76.0,79.0,73.0,0,0,2,0,academic_leave
223034,22,74.61904761904762,70.0,86.0,66.0,0,6,13,2,expelled
223100,9,77.22222222222223,73.0,95.0,65.0,2,1,4,2,graduated
223281,7,,,,,0,0,0,0,expelled
223337,2,74.0,74.0,88.0,60.0,0,1,0,0,graduated
223405,7,70.6,65.0,85.0,65.0,0,1,1,3,expelled
223494,18,0.0,0.0,0.0,0.0,0,1,1,1,academic_leave
223575,11,,,,,0,0,0,0,expelled
223822,4,,,,,2,2,0,0,graduated
223856,10,69.57142857142857,73.0,73.0,65.0,0,0,4,3,expelled
223967,7,72.0,65.0,95.0,65.0,1,0,1,3,expelled
224900,2,,,,,0,0,0,0,expelled
225425,7,77.5,77.5,85.0,70.0,0,1,1,0,expelled
225674,5,63.25,64.0,75.0,50.0,0,0,2,2,graduated
225904,1,,,,,0,0,0,0,expelled
225935,8,68.71428571428571,73.0,85.0,50.0,0,1,4,2,graduated
226359,7,70.0,70.0,70.0,70.0,0,0,1,0,expelled
226424,8,72.14285714285714,73.0,95.0,50.0,1,1,3,2,graduated
226525,7,67.5,67.5,70.0,65.0,0,0,1,1,expelled
226702,10,69.0,70.0,85.0,55.0,0,1,2,2,expelled
227186,7,69.4,62.0,87.0,50.0,1,1,0,2,expelled
230913,8,76.5,76.5,95.0,52.0,1,3,3,1,expelled
231478,8,69.28571428571429,65.0,87.0,50.0,0,2,1,4,expelled
231534,8,70.0,67.5,85.0,65.0,0,1,2,3,expelled
231804,3,,,,,0,0,0,0,expelled
232707,6,75.0,76.5,87.0,60.0,0,3,1,2,expelled
232745,7,65.85714285714286,65.0,83.0,50.0,0,1,1,5,academic_leave
233433,8,71.25,67.5,85.0,65.0,0,1,1,2,expelled
238752,8,,,,,1,1,1,3,expelled
240312,9,78.66666666666667,83.0,96.0,50.0,2,4,2,1,expelled
240893,9,59.75,55.0,97.0,50.0,1,0,0,7,academic_leave
242032,9,74.625,77.5,87.0,50.0,0,4,2,2,expelled
245532,10,79.7,75.0,95.0,70.0,2,2,6,0,graduated
245552,6,62.4,55.0,80.0,50.0,0,1,1,3,expelled
245892,13,77.55555555555556,80.0,99.0,53.0,3,3,0,2,expelled
246067,5,,,,,0,0,0,0,academic_leave
246154,11,80.4,82.0,95.0,65.0,2,4,2,2,graduated
246355,1,,,,,0,0,0,0,expelled
246463,1,72.0,72.0,72.0,72.0,0,0,1,0,academic_leave
247173,9,,,,,0,0,0,0,expelled
247978,2,74.5,74.5,75.0,74.0,0,0,2,0,expelled
248037,8,67.85714285714286,65.0,85.0,50.0,0,1,2,4,graduated
248225,9,71.375,72.5,85.0,51.0,0,1,6,1,expelled
248262,1,78.0,78.0,78.0,78.0,0,0,1,0,expelled
248277,2,,,,,0,0,0,0,expelled
248297,6,0.0,0.0,0.0,0.0,0,0,1,0,expelled
248317,8,70.875,66.0,95.0,60.0,2,0,0,4,graduated
248501,8,65.0,65.0,90.0,50.0,1,0,1,5,graduated
248783,1,,,,,0,0,0,0,graduated
248816,9,68.5,71.5,75.0,60.0,0,0,4,1,graduated
248920,8,78.14285714285714,80.0,85.0,70.0,0,4,3,0,expelled
249332,7,,,,,0,0,0,0,graduated
249775,2,63.5,63.5,68.0,59.0,0,0,0,2,expelled
249845,2,,,,,0,0,0,0,expelled
250147,8,74.71428571428571,80.0,85.0,50.0,0,4,1,2,graduated
250288,1,0.0,0.0,0.0,0.0,0,0,1,0,academic_leave
250616,3,,,,,0,0,0,0,expelled
251276,3,,,,,0,0,0,0,academic_leave
251283,10,71.0,73.0,89.0,50.0,0,3,4,3,graduated
251960,10,82.5,82.5,95.0,70.0,2,0,2,0,expelled
252375,1,,,,,0,0,1,0,academic_leave
252778,8,72.0,65.0,95.0,65.0,1,0,1,3,expelled
253115,2,,,,,0,0,0,0,expelled
253363,4,49.5,59.0,80.0,0.0,0,1,0,2,expelled
253382,4,68.5,74.0,75.0,51.0,0,0,3,1,academic_leave
253558,5,66.0,65.0,70.0,65.0,0,0,1,4,expelled
253657,4,0.0,0.0,0.0,0.0,0,1,0,0,expelled
253675,1,,,,,0,0,0,0,graduated
253713,10,0.0,0.0,0.0,0.0,0,0,0,0,expelled
253772,9,63.888888888888886,65.0,70.0,50.0,0,0,3,6,expelled
253828,8,72.2,73.0,85.0,65.0,0,1,2,2,expelled
253938,1,,,,,0,0,0,0,graduated
253970,6,,,,,1,2,0,1,academic_leave
254273,10,,,,,0,0,1,4,academic_leave
255032,10,75.8,73.0,85.0,65.0,0,2,2,1,expelled
255747,9,71.875,72.5,85.0,50.0,0,2,4,2,graduated
255748,8,66.25,65.0,70.0,65.0,0,0,1,3,expelled
255916,7,69.16666666666667,70.0,75.0,65.0,0,0,4,2,expelled
255928,7,70.0,70.0,70.0,70.0,0,0,1,0,expelled
256059,8,69.42857142857143,71.0,90.0,55.0,1,1,2,2,graduated
256075,7,70.0,70.0,70.0,70.0,0,0,1,0,expelled
256278,8,70.5,67.5,88.0,50.0,0,2,1,3,expelled
256368,8,,,,,0,0,0,0,expelled
256378,8,73.14285714285714,70.0,90.0,50.0,1,2,1,3,graduated
256412,7,70.0,70.0,70.0,70.0,0,0,2,0,expelled
256478,6,67.5,67.5,70.0,65.0,0,0,1,1,expelled
256590,8,65.14285714285714,70.0,77.0,50.0,0,0,4,3,graduated
257152,9,67.0,65.0,70.0,65.0,0,0,2,3,expelled
257260,4,77.5,85.5,89.0,50.0,0,3,0,1,academic_leave
257527,9,71.6,66.0,85.0,60.0,0,2,0,3,expelled
257763,8,,,,,0,0,0,0,expelled
258573,7,67.66666666666667,65.0,73.0,65.0,0,0,2,4,expelled
258640,6,66.25,65.0,70.0,65.0,0,0,1,3,expelled
261184,5,67.25,67.5,72.0,62.0,0,0,2,1,graduated
261324,2,,,,,0,0,1,0,expelled
262425,2,0.0,0.0,0.0,0.0,0,0,0,0,expelled
264304,1,,,,,0,0,0,0,academic_leave
266064,12,74.18181818181819,73.0,87.0,63.0,0,3,6,2,graduated
267184,7,67.5,67.5,70.0,65.0,0,0,1,1,expelled
267604,10,72.375,70.0,95.0,55.0,1,1,4,2,expelled
268143,8,66.75,63.0,83.0,58.0,0,1,1,2,expelled
269504,6,62.0,61.0,75.0,51.0,0,0,2,2,academic_leave
271995,8,74.83333333333333,73.0,85.0,65.0,0,2,3,1,expelled
272966,9,74.375,72.5,95.0,55.0,1,1,5,1,graduated
274384,6,65.0,67.5,70.0,55.0,0,0,2,2,expelled
275466,8,83.8,87.0,100.0,67.0,2,1,1,1,academic_leave
276044,4,49.5,59.0,80.0,0.0,0,1,0,2,expelled
276765,1,80.0,80.0,80.0,80.0,0,1,0,0,expelled
277285,7,,,,,0,0,0,0,expelled
277947,5,69.25,66.5,85.0,59.0,0,1,1,2,expelled
278332,7,67.5,67.5,70.0,65.0,0,0,1,1,expelled
278344,6,67.66666666666667,60.5,85.0,58.0,0,2,0,4,academic_leave
278684,8,58.857142857142854,55.0,72.0,50.0,0,0,1,6,graduated
280147,7,,,,,0,1,0,2,expelled
280154,6,77.0,73.0,85.0,73.0,0,1,2,0,expelled
280174,8,71.16666666666667,67.5,95.0,50.0,1,1,1,2,expelled
280726,13,71.1,68.5,91.0,51.0,1,0,4,5,graduated
280794,10,58.75,57.0,66.0,55.0,0,0,0,4,expelled
280846,7,75.0,75.0,75.0,75.0,0,2,1,2,expelled
281054,6,0.0,0.0,0.0,0.0,0,0,0,0,expelled
281075,8,48.857142857142854,55.0,79.0,0.0,0,0,1,4,expelled
281168,9,83.66666666666667,85.0,95.0,70.0,4,1,4,0,expelled
281196,10,79.5,78.5,95.0,65.0,2,1,1,2,expelled
281344,9,73.44444444444444,72.0,85.0,65.0,0,2,5,2,graduated
281709,6,65.66666666666667,65.0,75.0,55.0,0,0,2,4,graduated
282024,8,67.66666666666667,65.0,73.0,65.0,0,0,2,4,expelled
282101,12,80.11111111111111,80.0,88.0,75.0,0,7,2,0,graduated
282317,8,76.14285714285714,85.0,89.0,52.0,0,4,1,2,graduated
282357,12,,,,,0,0,0,0,expelled
282554,7,66.28571428571429,64.0,80.0,64.0,0,1,0,6,expelled
282675,8,66.71428571428571,65.0,87.0,50.0,0,1,1,5,graduated
282824,8,79.0,79.0,85.0,73.0,0,2,2,0,expelled
282854,8,72.57142857142857,76.0,89.0,50.0,0,2,3,2,graduated
282884,10,76.25,81.5,95.0,50.0,1,3,2,2,expelled
282916,5,,,,,0,0,0,1,expelled
282918,8,70.6,65.0,85.0,65.0,0,1,1,3,expelled
282963,3,75.66666666666667,70.0,91.0,66.0,1,0,1,1,expelled
282992,8,70.0,68.0,85.0,55.0,0,2,2,4,graduated
283129,10,79.11111111111111,85.0,95.0,50.0,4,1,2,2,expelled
283133,8,66.14285714285714,65.0,85.0,50.0,0,1,2,4,academic_leave
283201,1,75.0,75.0,75.0,75.0,0,0,1,0,graduated
283310,8,72.14285714285714,70.0,85.0,50.0,0,3,1,3,expelled
283544,9,78.5,75.0,95.0,65.0,2,0,5,1,graduated
283604,9,70.22222222222223,70.0,87.0,50.0,0,3,2,4,graduated
283715,2,62.5,62.5,75.0,50.0,0,0,1,1,graduated
283762,8,89.6,95.0,95.0,73.0,4,0,1,0,expelled
283813,8,80.2,85.0,85.0,73.0,0,3,2,0,expelled
283848,7,78.33333333333333,79.5,96.0,59.0,1,2,2,1,expelled
283892,9,90.0,90.0,90.0,90.0,1,0,0,0,expelled
283931,5,71.0,70.0,75.0,70.0,0,0,5,0,expelled
284133,10,69.375,71.5,93.0,55.0,1,1,3,3,graduated
284184,7,,,,,0,0,0,0,expelled
284259,2,,,,,0,0,0,1,expelled
284450,2,79.0,79.0,95.0,63.0,1,0,0,1,expelled
284943,8,79.28571428571429,85.0,90.0,50.0,2,3,1,1,graduated
285181,9,,,,,0,0,0,2,expelled
285235,7,67.33333333333333,65.5,85.0,58.0,0,1,2,3,expelled
285320,10,62.0,57.5,85.0,50.0,0,1,2,6,graduated
285398,8,74.28571428571429,70.0,95.0,65.0,1,1,2,3,graduated
285463,8,70.85714285714286,70.0,80.0,65.0,0,1,4,2,graduated
285493,7,,,,,0,0,3,2,academic_leave
285609,5,30.0,0.0,85.0,0.0,0,1,0,1,expelled
285672,8,71.125,71.5,78.0,65.0,0,0,6,2,graduated
285709,8,66.85714285714286,59.0,85.0,50.0,0,2,1,4,graduated
285837,10,87.33333333333333,90.0,98.0,77.0,5,2,2,0,expelled
285993,8,71.0,73.0,73.0,65.0,0,0,3,1,expelled
286017,12,,,,,0,0,0,0,expelled
286113,10,78.88888888888889,75.0,90.0,66.0,2,2,4,1,expelled
286554,8,66.0,68.0,83.0,55.0,0,1,2,4,expelled
286558,13,,,,,0,2,1,5,academic_leave
286669,8,70.14285714285714,65.0,91.0,50.0,1,1,1,4,expelled
286798,7,75.71428571428571,72.0,98.0,55.0,2,0,3,2,academic_leave
286950,6,77.83333333333333,79.5,88.0,60.0,0,3,2,1,expelled
287023,10,66.7,70.0,82.0,50.0,0,2,4,4,academic_leave
287051,11,67.66666666666667,65.0,95.0,52.0,1,1,2,5,expelled
287184,9,88.71428571428571,90.0,95.0,80.0,4,3,0,0,expelled
287330,8,72.85714285714286,70.0,87.0,65.0,0,2,2,3,expelled
287369,9,64.0,53.0,86.0,50.0,0,3,1,5,graduated
287458,6,81.0,80.0,85.0,80.0,0,5,0,0,academic_leave
287750,6,,,,,0,0,0,0,expelled
287933,8,79.14285714285714,85.0,87.0,57.0,0,5,1,1,expelled
288143,11,62.111111111111114,65.0,70.0,54.0,0,0,1,8,graduated
288240,8,80.375,79.5,90.0,70.0,2,2,4,0,expelled
288280,7,73.33333333333333,70.0,85.0,65.0,0,2,2,2,expelled
288292,15,,,,,0,0,4,5,expelled
288342,4,53.0,53.0,55.0,51.0,0,0,0,4,expelled
288823,13,,,,,1,0,0,1,academic_leave
288839,8,73.0,73.0,95.0,50.0,1,1,4,2,graduated
289007,13,,,,,0,0,0,4,expelled
289130,8,79.28571428571429,80.0,95.0,60.0,1,5,0,1,graduated
289211,5,,,,,0,0,0,0,expelled
289289,9,64.57142857142857,65.0,70.0,52.0,0,0,2,3,expelled
289369,10,68.88888888888889,70.0,80.0,50.0,0,4,1,4,graduated
289381,7,,,,,0,1,0,1,academic_leave
289728,10,73.8,72.5,95.0,50.0,1,2,4,3,expelled
289764,7,67.0,67.5,75.0,60.0,0,0,3,1,academic_leave
289838,13,0.0,0.0,0.0,0.0,0,0,1,3,expelled
289949,5,77.0,75.0,85.0,75.0,0,1,4,0,expelled
290025,5,,,,,0,1,1,1,expelled
290144,2,57.5,57.5,60.0,55.0,0,0,0,2,expelled
290295,6,67.0,65.0,85.0,55.0,0,1,1,3,expelled
290423,8,73.14285714285714,75.0,95.0,55.0,2,1,1,3,graduated
290429,5,79.33333333333333,85.0,100.0,53.0,1,1,0,1,expelled
290467,8,0.0,0.0,0.0,0.0,1,0,2,4,expelled
290793,8,67.5,67.5,70.0,65.0,0,0,2,2,expelled
290853,2,70.0,70.0,70.0,70.0,0,0,1,0,academic_leave
290863,7,70.0,67.5,85.0,65.0,0,1,2,3,expelled
290933,11,64.11111111111111,65.0,75.0,50.0,0,0,3,6,expelled
290985,28,43.208333333333336,55.0,87.0,0.0,0,3,3,9,academic_leave
291025,2,,,,,0,0,0,0,expelled
291060,8,75.42857142857143,73.0,95.0,51.0,2,1,1,3,graduated
291240,10,44.285714285714285,57.0,75.0,0.0,0,0,1,4,expelled
291351,10,70.0,70.0,80.0,60.0,0,3,1,4,expelled
291533,7,,,,,0,0,0,0,expelled
291582,7,66.66666666666667,65.0,70.0,65.0,0,0,1,2,expelled
291698,8,,,,,0,0,0,3,academic_leave
291791,9,52.77777777777778,55.0,95.0,0.0,1,0,3,3,expelled
291811,8,72.875,70.0,98.0,55.0,2,1,2,3,graduated
291815,7,,,,,0,0,0,0,academic_leave
292099,5,79.0,79.0,79.0,79.0,0,0,1,0,expelled
292198,6,,,,,0,0,1,3,expelled
292744,10,74.0,76.5,83.0,65.0,0,1,5,2,expelled
292962,10,73.11111111111111,70.0,90.0,50.0,2,3,1,3,graduated
293016,9,65.0,65.0,70.0,50.0,0,0,3,4,expelled
293145,9,85.0,90.0,95.0,70.0,5,1,3,0,graduated
293155,9,61.25,60.0,70.0,55.0,0,0,1,3,expelled
293172,9,73.0,69.0,93.0,65.0,1,1,2,4,expelled
293216,10,53.666666666666664,54.0,63.0,45.0,0,1,1,6,graduated
293510,12,66.0,65.0,85.0,57.0,0,1,1,6,expelled
293679,7,70.0,67.5,85.0,65.0,0,1,2,3,expelled
293701,14,29.571428571428573,25.0,84.0,0.0,0,1,1,5,expelled
293722,1,,,,,0,0,0,0,expelled
293760,14,,,,,0,0,0,4,expelled
293945,9,25.0,25.0,25.0,25.0,0,0,0,0,expelled
293967,10,71.2,67.5,95.0,53.0,2,0,3,5,academic_leave
294296,8,68.85714285714286,70.0,85.0,50.0,0,1,3,3,graduated
294433,9,78.125,76.0,95.0,65.0,1,2,4,1,graduated
294469,7,89.5,95.0,95.0,73.0,3,0,1,0,expelled
294479,9,71.25,76.0,90.0,50.0,1,1,3,3,graduated
294536,6,66.0,64.0,80.0,53.0,0,1,1,2,still_studying
294688,7,74.0,71.0,85.0,62.0,0,3,2,2,expelled
294724,10,70.25,73.0,85.0,55.0,0,1,3,3,graduated
294736,8,78.0,79.0,98.0,55.0,1,2,2,1,graduated
294770,1,58.0,58.0,58.0,58.0,0,0,0,1,expelled
294807,7,9.8,0.0,49.0,0.0,0,0,0,0,expelled
294998,2,,,,,0,0,0,0,expelled
295001,8,74.0,70.0,95.0,65.0,1,0,3,1,expelled
295273,7,87.2,88.0,91.0,80.0,1,4,0,0,expelled
295293,4,67.5,67.5,75.0,60.0,0,0,2,0,expelled
295316,7,74.57142857142857,75.0,86.0,65.0,0,2,3,2,expelled
295376,1,,,,,0,0,0,0,graduated
295391,8,,,,,0,0,0,0,graduated
295412,7,63.666666666666664,65.0,70.0,55.0,0,0,1,4,graduated
295446,8,74.28571428571429,70.0,95.0,65.0,2,0,2,3,graduated
295498,7,69.71428571428571,72.0,75.0,65.0,0,0,4,3,expelled
295671,7,67.0,65.0,85.0,50.0,0,1,1,3,expelled
296006,6,,,,,0,0,0,0,expelled
296027,8,55.0,55.0,55.0,55.0,0,0,0,1,expelled
296033,6,,,,,0,0,0,0,expelled
296037,8,84.28571428571429,85.0,90.0,73.0,1,5,1,0,expelled
296177,6,77.5,77.5,85.0,70.0,0,1,1,0,expelled
296208,15,55.266666666666666,51.0,83.0,30.0,0,1,2,9,expelled
296252,8,71.0,70.0,87.0,60.0,0,2,2,2,expelled
296253,7,80.0,85.0,85.0,70.0,0,2,1,0,expelled
296388,10,50.0,50.0,50.0,50.0,0,0,0,3,expelled
296433,2,,,,,0,0,0,0,expelled
296487,12,59.54545454545455,60.0,70.0,50.0,0,0,2,6,expelled
296626,2,,,,,0,0,0,0,expelled
296764,7,77.6,75.0,93.0,65.0,1,1,2,1,expelled
296845,8,72.83333333333333,67.5,87.0,65.0,0,2,1,3,expelled
297046,6,80.0,85.0,85.0,70.0,0,2,1,0,expelled
297127,7,65.57142857142857,65.0,72.0,60.0,0,0,2,3,expelled
297680,8,70.0,65.0,85.0,65.0,0,1,1,3,expelled
297847,1,,,,,0,0,0,0,graduated
298045,3,0.0,0.0,0.0,0.0,0,0,0,0,expelled
298464,4,71.66666666666667,75.0,75.0,65.0,0,0,2,1,expelled
298773,7,75.75,74.0,85.0,70.0,0,1,3,0,expelled
298784,6,66.5,65.5,70.0,65.0,0,0,1,3,academic_leave
298824,6,63.0,60.0,85.0,50.0,0,1,1,2,academic_leave
298884,6,67.5,67.5,70.0,65.0,0,0,3,3,academic_leave
298925,7,66.66666666666667,65.0,70.0,65.0,0,0,1,2,expelled
298964,10,58.625,57.5,73.0,50.0,0,0,1,5,expelled
298984,6,66.0,65.0,70.0,60.0,0,0,2,2,expelled
299245,6,67.5,67.5,70.0,65.0,0,0,1,0,expelled
299344,8,71.25,67.5,85.0,65.0,0,1,1,2,expelled
299685,8,66.42857142857143,65.0,73.0,55.0,0,0,3,4,graduated
299944,9,0.0,0.0,0.0,0.0,0,0,0,0,expelled
300824,7,68.33333333333333,65.0,95.0,50.0,1,0,1,4,graduated
300847,3,,,,,0,0,0,2,expelled
300909,8,70.0,65.0,90.0,50.0,1,1,1,4,graduated
301084,8,83.28571428571429,85.0,95.0,70.0,2,3,2,0,expelled
301145,8,84.0,85.0,90.0,73.0,1,5,1,0,graduated
301146,6,,,,,0,0,1,2,expelled
301528,1,60.0,60.0,60.0,60.0,0,0,0,0,academic_leave
301906,8,72.14285714285714,70.0,85.0,55.0,0,2,3,2,expelled
302064,7,75.33333333333333,73.0,95.0,65.0,1,0,4,1,expelled
302793,4,79.0,79.0,79.0,79.0,1,0,2,1,academic_leave
302806,8,,,,,1,0,2,2,expelled
302867,8,74.14285714285714,70.0,94.0,65.0,1,2,1,3,graduated
302948,7,64.83333333333333,65.0,74.0,50.0,0,0,2,4,academic_leave
302950,10,56.666666666666664,50.0,90.0,25.0,1,2,0,4,expelled
302953,10,60.9,53.0,87.0,50.0,0,1,2,7,expelled
303025,12,65.875,55.5,95.0,51.0,1,2,0,4,academic_leave
303381,10,70.83333333333333,70.0,85.0,50.0,0,2,1,3,expelled
303387,8,67.71428571428571,65.0,89.0,52.0,0,2,1,3,expelled
303584,8,73.75,72.5,85.0,65.0,0,1,6,1,graduated
303630,6,73.75,72.5,95.0,55.0,1,0,2,1,academic_leave
303878,10,78.8,80.0,95.0,60.0,2,3,4,0,academic_leave
304032,8,80.0,80.0,80.0,80.0,0,1,0,1,academic_leave
304254,7,68.14285714285714,70.0,95.0,50.0,1,1,2,3,academic_leave
304258,11,68.2,72.0,75.0,53.0,0,0,6,4,academic_leave
304305,7,65.57142857142857,65.0,74.0,50.0,0,0,3,4,expelled
304316,15,61.7,62.5,83.0,50.0,0,1,0,8,academic_leave
304318,7,72.8,70.0,85.0,65.0,0,1,2,2,expelled
304327,8,72.14285714285714,65.0,90.0,65.0,1,1,1,4,graduated
304376,6,73.2,73.0,90.0,65.0,1,0,2,2,expelled
304393,8,,,,,0,0,0,0,expelled
304447,11,63.1,63.0,72.0,50.0,0,0,4,5,graduated
304495,10,68.25,66.0,89.0,50.0,0,2,0,6,academic_leave
304662,4,,,,,1,1,0,1,expelled
304667,6,,,,,0,1,1,1,expelled
304674,5,72.75,76.5,88.0,50.0,0,1,2,1,expelled
304720,7,55.0,50.0,65.0,50.0,0,0,0,4,expelled
304770,9,63.111111111111114,65.0,85.0,50.0,0,1,2,6,graduated
304777,11,61.666666666666664,65.0,70.0,50.0,0,0,1,6,graduated
304797,10,63.6,62.0,84.0,50.0,0,1,2,7,expelled
304813,11,67.4,62.0,90.0,50.0,1,2,1,6,graduated
304897,9,76.11111111111111,75.0,99.0,55.0,1,2,4,2,graduated
304981,9,63.75,57.0,88.0,50.0,0,2,0,6,graduated
305016,9,74.11111111111111,70.0,100.0,51.0,2,2,2,3,graduated
305155,11,69.55555555555556,70.0,88.0,50.0,0,3,2,4,graduated
305210,8,70.5,70.0,93.0,50.0,2,0,3,3,expelled
305225,5,67.75,65.0,85.0,56.0,0,0,0,2,expelled
305270,13,0.0,0.0,0.0,0.0,0,0,0,2,expelled
305289,7,,,,,0,0,1,2,academic_leave
305334,14,72.0909090909091,80.0,98.0,0.0,2,4,2,2,graduated
305341,9,68.0,59.0,98.0,50.0,2,0,0,6,graduated
305342,7,,,,,0,0,0,3,expelled
305384,12,38.875,38.0,75.0,0.0,0,0,2,3,expelled
305514,15,65.25,64.5,75.0,50.0,0,0,5,5,graduated
305529,8,,,,,0,1,0,3,graduated
305533,12,67.88888888888889,64.0,92.0,50.0,1,1,1,5,expelled
305586,8,78.0,77.0,87.0,70.0,0,2,5,0,graduated
305672,21,70.0,65.0,85.0,50.0,1,2,2,5,expelled
305678,8,,,,,0,0,2,2,expelled
305777,8,62.0,55.0,81.0,50.0,0,1,2,5,graduated
305791,10,55.875,51.5,73.0,50.0,0,0,1,6,academic_leave
305811,10,,,,,0,1,0,1,expelled
305829,17,57.5,57.0,95.0,25.0,2,0,2,6,graduated
305964,6,65.0,65.0,75.0,50.0,0,0,2,3,expelled
305974,10,71.2,72.5,89.0,50.0,0,4,3,3,graduated
305990,13,73.5,74.5,100.0,55.0,1,2,4,3,academic_leave
306075,2,50.0,50.0,50.0,50.0,0,0,0,1,expelled
306123,10,82.0,85.5,93.0,50.0,2,6,1,1,graduated
306131,8,70.42857142857143,70.0,85.0,63.0,0,1,3,3,expelled
306165,8,68.75,67.5,85.0,60.0,0,0,2,5,expelled
306239,8,86.66666666666667,85.0,100.0,70.0,2,3,1,0,expelled
306260,10,73.0,75.0,95.0,50.0,1,3,2,2,expelled
306422,8,,,,,0,0,0,0,expelled
306439,13,68.6,70.5,95.0,35.0,2,2,1,3,expelled
306445,6,66.0,65.0,70.0,65.0,0,0,1,4,expelled
306466,6,,,,,0,0,0,0,expelled
306478,20,57.2,54.0,95.0,0.0,2,3,1,5,expelled
306491,12,75.18181818181819,79.0,88.0,50.0,0,5,2,4,graduated
306493,10,61.0,65.0,70.0,50.0,0,0,2,3,expelled
306494,8,76.85714285714286,77.0,98.0,50.0,2,1,1,3,expelled
306601,9,62.2,59.0,72.0,55.0,0,0,1,4,expelled
306661,9,64.875,61.0,95.0,50.0,1,0,3,4,expelled
306674,7,,,,,0,0,1,2,expelled
306862,16,22.76923076923077,0.0,83.0,0.0,0,1,0,3,expelled
307017,9,73.33333333333333,75.0,90.0,55.0,1,1,5,2,expelled
307019,6,71.0,70.0,85.0,63.0,0,1,3,2,expelled
307055,9,65.125,60.5,85.0,50.0,0,2,1,5,graduated
307092,2,50.0,50.0,50.0,50.0,0,0,0,2,expelled
307118,13,57.22222222222222,53.0,78.0,50.0,0,0,1,5,graduated
307163,12,54.375,54.0,62.0,50.0,0,0,0,7,academic_leave
307183,9,66.75,69.5,85.0,50.0,0,1,3,4,academic_leave
307192,10,65.0,65.0,85.0,55.0,0,1,1,5,graduated
307218,9,,,,,0,0,0,0,expelled
307246,9,90.0,90.0,90.0,90.0,2,0,1,0,expelled
307287,8,65.0,62.0,82.0,55.0,0,1,2,3,graduated
307289,4,,,,,0,0,3,1,academic_leave
307301,10,66.66666666666667,65.0,70.0,65.0,0,0,2,4,expelled
307321,11,66.1,61.5,85.0,50.0,0,3,0,5,academic_leave
307346,11,69.22222222222223,65.0,95.0,50.0,1,2,1,4,expelled
307369,7,64.6,65.0,73.0,50.0,0,0,2,2,expelled
307382,11,71.18181818181819,70.0,95.0,50.0,2,2,3,3,graduated
307400,10,73.9,71.0,95.0,60.0,1,3,1,3,graduated
307489,12,31.5,12.5,85.0,0.0,0,2,1,2,expelled
307491,7,,,,,1,1,0,2,expelled
307542,5,,,,,0,0,1,2,expelled
307545,6,63.2,62.0,83.0,53.0,0,1,0,3,expelled
307562,9,70.0,65.0,98.0,55.0,1,0,2,4,expelled
307563,11,60.45454545454545,65.0,85.0,0.0,0,1,3,5,expelled
307565,13,27.444444444444443,0.0,85.0,0.0,0,2,0,1,expelled
307586,7,83.57142857142857,80.0,100.0,60.0,3,2,1,0,academic_leave
307589,9,72.5,73.0,88.0,52.0,0,2,4,2,academic_leave
307604,6,,,,,0,1,0,1,expelled
307774,9,58.0,52.0,73.0,50.0,0,0,1,4,expelled
307821,6,50.666666666666664,53.5,65.0,33.0,0,0,0,4,expelled
307881,8,68.0,60.0,90.0,50.0,1,2,0,3,expelled
307904,12,74.5,76.0,93.0,55.0,1,3,3,3,academic_leave
307949,13,81.61538461538461,89.0,100.0,30.0,5,5,1,1,expelled
307951,15,65.33333333333333,75.0,87.0,0.0,0,3,5,3,graduated
308009,18,68.9,72.5,85.0,47.0,1,2,3,3,expelled
308122,4,50.0,50.0,50.0,50.0,0,0,0,2,expelled
308137,10,70.0,67.5,85.0,65.0,0,0,1,4,expelled
308184,6,67.16666666666667,69.0,85.0,50.0,0,2,0,4,expelled
308220,6,67.5,65.0,75.0,65.0,0,0,1,3,academic_leave
308355,13,65.7,65.0,85.0,50.0,0,1,3,6,graduated
308384,11,68.7,69.0,85.0,50.0,0,1,3,6,graduated
308427,8,73.85714285714286,70.0,95.0,65.0,1,1,2,3,graduated
308449,5,,,,,0,0,0,0,expelled
308451,10,66.44444444444444,63.0,90.0,55.0,1,0,3,2,expelled
308465,9,71.14285714285714,73.0,75.0,65.0,0,0,5,2,expelled
308481,9,61.5,65.0,80.0,50.0,0,1,0,7,graduated
308488,4,50.0,50.0,50.0,50.0,0,0,0,4,expelled
308573,7,75.5,73.5,90.0,65.0,1,0,3,0,expelled
308579,8,61.285714285714285,59.0,87.0,50.0,0,1,1,4,graduated
308608,8,76.0,77.0,85.0,65.0,0,3,2,1,expelled
308628,10,69.4,67.5,95.0,52.0,1,2,2,4,graduated
308685,15,37.5,37.5,75.0,0.0,0,0,1,0,expelled
308703,14,0.0,0.0,0.0,0.0,0,0,0,0,expelled
308721,12,65.41666666666667,62.5,90.0,55.0,1,0,5,6,academic_leave
308746,7,61.25,60.0,70.0,55.0,0,0,1,3,expelled
308748,7,67.4,70.0,80.0,50.0,0,1,2,1,expelled
308780,10,75.11111111111111,73.0,95.0,50.0,1,2,5,1,expelled
308806,16,39.76923076923077,50.0,80.0,0.0,0,1,1,7,expelled
308832,9,80.875,82.5,98.0,55.0,2,2,3,1,graduated
308855,9,67.28571428571429,64.0,85.0,52.0,0,1,2,4,expelled
308895,5,72.25,75.0,89.0,50.0,0,1,2,1,graduated
308908,15,56.0,60.5,75.0,25.0,0,0,2,5,expelled
308918,17,61.857142857142854,60.0,77.0,50.0,0,0,5,5,graduated
308919,10,,,,,0,0,0,2,expelled
309015,6,,,,,0,2,0,0,academic_leave
309041,7,75.0,75.0,75.0,75.0,0,0,1,0,expelled
309109,7,68.42857142857143,75.0,85.0,50.0,0,2,2,3,expelled
309121,8,73.57142857142857,70.0,95.0,65.0,1,1,2,3,graduated
309124,8,65.28571428571429,67.0,90.0,50.0,1,0,2,4,graduated
309155,7,66.0,69.0,85.0,50.0,0,1,2,3,expelled
309183,14,64.14285714285714,52.0,100.0,51.0,1,0,1,6,graduated
309203,10,69.44444444444444,70.0,89.0,50.0,0,2,3,3,graduated
309213,12,73.2,70.0,97.0,50.0,2,2,3,3,expelled
309246,8,69.42857142857143,65.0,95.0,50.0,1,0,2,4,graduated
309248,8,70.625,69.5,94.0,55.0,1,0,3,4,graduated
309260,10,0.0,0.0,0.0,0.0,0,0,0,0,expelled
309292,7,68.14285714285714,80.0,85.0,50.0,0,4,0,3,expelled
309299,19,43.5,47.5,95.0,0.0,1,2,1,5,academic_leave
309314,15,62.857142857142854,64.0,75.0,55.0,0,0,1,6,expelled
309331,18,71.33333333333333,70.0,90.0,55.0,2,1,8,2,graduated
309362,9,58.125,50.0,85.0,50.0,0,1,0,7,graduated
309387,8,68.125,67.5,75.0,65.0,0,0,2,5,expelled
309402,9,59.625,51.0,85.0,50.0,0,1,1,6,expelled
309423,12,61.333333333333336,53.0,95.0,50.0,1,0,2,6,expelled
309426,8,59.25,55.0,79.0,50.0,0,0,1,7,expelled
309445,11,69.625,71.0,80.0,50.0,0,1,5,2,expelled
309489,13,76.83333333333333,80.5,95.0,50.0,1,5,3,3,graduated
309515,9,77.66666666666667,79.0,95.0,64.0,1,1,6,1,graduated
309547,5,61.25,62.5,70.0,50.0,0,0,1,3,expelled
309593,9,65.875,60.5,97.0,59.0,1,0,0,6,graduated
309607,3,71.66666666666667,80.0,84.0,51.0,0,2,0,1,academic_leave
309630,9,76.83333333333333,77.5,98.0,55.0,1,2,0,2,expelled
309636,9,63.25,56.5,95.0,50.0,1,1,0,6,graduated
309658,9,52.285714285714285,70.0,90.0,0.0,1,1,3,1,graduated
309672,13,56.55555555555556,50.0,71.0,50.0,0,0,1,7,expelled
309717,9,66.375,69.5,82.0,50.0,0,2,2,4,graduated
309729,8,67.42857142857143,65.0,87.0,54.0,0,1,1,5,expelled
309735,8,70.375,70.0,90.0,52.0,1,0,3,4,expelled
309749,16,7.428571428571429,0.0,52.0,0.0,0,0,0,2,expelled
309768,9,71.625,73.5,90.0,50.0,1,3,0,4,graduated
309769,10,64.5,75.0,95.0,0.0,1,4,3,1,graduated
309795,14,61.8,62.0,75.0,48.0,0,0,3,4,academic_leave
309802,10,74.5,73.0,92.0,51.0,2,2,3,3,expelled
309826,10,73.9,74.5,85.0,50.0,0,2,7,1,expelled
309866,11,59.2,53.5,75.0,51.0,0,0,3,7,graduated
309920,11,0.0,0.0,0.0,0.0,0,0,0,0,expelled
309938,20,70.6923076923077,77.0,94.0,55.0,1,3,3,6,graduated
309959,9,63.285714285714285,63.0,74.0,50.0,0,0,3,3,academic_leave
309966,11,78.8,83.0,95.0,55.0,2,4,2,2,expelled
309989,10,61.333333333333336,60.0,80.0,50.0,0,1,1,5,graduated
310060,6,76.4,65.0,98.0,59.0,2,0,0,3,expelled
310069,9,71.375,74.5,90.0,50.0,2,2,0,4,expelled
310120,9,84.5,83.0,100.0,72.0,2,0,2,0,academic_leave
310133,10,70.5,70.0,83.0,55.0,0,3,1,3,graduated
310146,7,57.857142857142854,50.0,75.0,50.0,0,0,2,5,expelled
310167,12,76.08333333333333,77.5,98.0,50.0,4,3,2,3,expelled
310171,8,73.625,67.5,100.0,59.0,2,1,0,5,academic_leave
310173,10,74.9,74.5,85.0,65.0,0,2,7,0,graduated
310179,13,70.33333333333333,74.0,80.0,50.0,0,1,5,2,expelled
310234,9,66.125,63.0,88.0,55.0,0,2,1,4,graduated
310299,12,74.75,73.0,90.0,66.0,1,2,6,3,expelled
310312,4,,,,,0,0,1,3,expelled
310366,9,75.0,75.0,85.0,65.0,1,1,0,1,graduated
310375,9,63.5,58.5,95.0,50.0,1,1,0,6,graduated
310407,10,75.66666666666667,74.0,96.0,60.0,1,3,2,2,expelled
310462,7,50.0,50.0,50.0,50.0,0,0,0,1,expelled
310484,9,76.77777777777777,78.0,95.0,59.0,2,2,2,3,graduated
310584,2,50.0,50.0,50.0,50.0,0,0,0,2,expelled
310598,9,64.0,65.0,80.0,50.0,0,1,2,4,graduated
310661,6,64.0,65.0,72.0,55.0,0,0,1,2,expelled
310713,5,,,,,0,1,1,1,expelled
310714,7,69.16666666666667,62.5,95.0,55.0,1,1,0,4,graduated
310765,3,50.0,50.0,50.0,50.0,0,0,0,3,expelled
310772,3,,,,,1,0,1,0,academic_leave
310789,8,71.42857142857143,70.0,95.0,50.0,1,2,1,3,graduated
310874,3,60.666666666666664,55.0,72.0,55.0,0,0,1,2,expelled
310896,11,67.3,62.5,94.0,51.0,1,1,3,5,academic_leave
310954,8,63.0,65.0,100.0,25.0,1,0,1,3,expelled
310955,9,77.55555555555556,75.0,95.0,55.0,2,2,3,2,expelled
310959,12,,,,,0,0,1,4,graduated
310966,6,,,,,0,0,0,0,expelled
310990,11,64.5,66.0,77.0,50.0,0,0,4,6,expelled
311060,11,75.375,75.0,85.0,50.0,0,3,5,1,graduated
311127,12,,,,,0,0,1,3,academic_leave
311141,11,68.25,66.0,93.0,55.0,1,0,2,5,expelled
311145,8,58.125,50.0,95.0,50.0,1,0,0,5,expelled
311153,11,67.0,70.0,73.0,55.0,0,0,5,4,graduated
311188,9,71.33333333333333,67.0,94.0,55.0,2,0,0,4,expelled
311216,9,84.0,85.0,98.0,65.0,2,5,1,1,expelled
311284,10,80.0,77.5,95.0,65.0,1,3,0,2,expelled
311319,10,70.9,70.0,86.0,51.0,0,2,5,2,graduated
311323,9,72.11111111111111,75.0,78.0,50.0,0,0,8,1,graduated
311345,9,78.25,73.0,97.0,65.0,2,0,3,3,academic_leave
311348,10,,,,,0,0,0,3,academic_leave
311365,9,76.0,75.0,98.0,50.0,2,1,3,2,graduated
311412,3,68.0,73.0,75.0,56.0,0,0,2,1,expelled
311454,8,69.625,70.5,95.0,51.0,1,3,0,4,expelled
311481,9,74.11111111111111,75.0,88.0,55.0,0,3,3,2,expelled
311532,7,66.42857142857143,67.0,78.0,50.0,0,0,2,4,expelled
311568,3,92.5,92.5,95.0,90.0,2,0,0,0,graduated
311679,11,70.125,65.0,95.0,53.0,1,1,1,5,graduated
311705,13,24.77777777777778,0.0,85.0,0.0,0,1,0,1,expelled
311732,9,75.11111111111111,77.0,87.0,60.0,0,3,4,1,graduated
311735,3,92.0,91.0,95.0,90.0,3,0,0,0,expelled
311763,11,77.9,79.0,95.0,50.0,2,2,5,1,graduated
311782,14,,,,,0,0,0,0,expelled
311821,10,58.4,56.0,75.0,50.0,0,0,1,8,expelled
311826,11,57.44444444444444,60.0,67.0,50.0,0,0,0,9,academic_leave
311838,11,61.285714285714285,64.0,75.0,50.0,0,0,2,5,graduated
311867,4,64.25,60.5,85.0,51.0,0,1,1,2,expelled
311910,11,72.3,67.0,91.0,55.0,1,3,0,6,graduated
311915,16,58.166666666666664,52.5,84.0,50.0,0,1,0,4,expelled
311925,8,80.0,85.0,95.0,55.0,3,1,1,2,graduated
311970,7,53.42857142857143,64.0,95.0,0.0,1,2,0,2,expelled
311995,10,64.57142857142857,70.0,79.0,50.0,0,0,4,3,still_studying
311999,9,73.375,75.0,85.0,50.0,0,3,3,2,expelled
312018,10,66.9,64.5,85.0,50.0,0,2,2,6,academic_leave
312027,13,67.1,63.0,89.0,50.0,0,3,1,4,expelled
312050,8,87.0,87.0,87.0,87.0,0,1,0,0,expelled
312083,9,68.55555555555556,65.0,95.0,51.0,1,2,1,5,graduated
312090,13,,,,,0,0,1,4,expelled
312112,10,58.625,55.0,89.0,25.0,0,1,0,6,expelled
312120,8,0.0,0.0,0.0,0.0,0,0,0,0,expelled
312177,7,73.14285714285714,70.0,88.0,60.0,0,2,2,2,expelled
312179,23,64.61111111111111,60.0,90.0,55.0,2,0,3,4,academic_leave
312204,10,69.25,65.0,95.0,55.0,1,0,2,4,graduated
312228,8,71.71428571428571,66.0,90.0,50.0,1,2,0,3,academic_leave
312235,8,,,,,0,0,1,3,academic_leave
312280,11,63.0,65.0,65.0,55.0,0,0,0,10,academic_leave
312397,13,63.5,60.0,79.0,50.0,0,0,3,7,academic_leave
312411,5,62.4,66.0,73.0,45.0,0,0,1,2,expelled
312413,9,67.55555555555556,70.0,85.0,50.0,0,2,4,3,expelled
312418,8,66.42857142857143,65.0,70.0,65.0,0,0,2,5,expelled
312429,3,68.5,68.5,84.0,53.0,0,1,0,1,expelled
312518,9,73.22222222222223,73.0,95.0,55.0,1,2,2,4,expelled
312535,8,71.0,72.5,87.0,51.0,0,2,4,2,graduated
312538,10,57.44444444444444,51.0,85.0,50.0,0,1,0,8,expelled
312573,17,,,,,0,0,1,4,expelled
312629,8,66.71428571428571,65.0,87.0,50.0,0,1,2,4,graduated
312685,16,33.875,27.0,97.0,0.0,2,0,0,6,academic_leave
312728,8,75.16666666666667,80.0,88.0,55.0,0,2,2,1,expelled
312786,4,,,,,0,0,1,2,academic_leave
312796,4,67.33333333333333,67.0,75.0,60.0,0,0,1,1,expelled
312815,9,58.44444444444444,61.0,95.0,0.0,1,0,1,5,expelled
312823,12,88.91666666666667,91.5,100.0,70.0,6,4,2,0,graduated
312832,20,45.92307692307692,61.0,95.0,0.0,1,2,0,6,expelled
312837,12,53.5,55.0,100.0,0.0,1,0,1,6,graduated
312847,7,65.83333333333333,62.0,85.0,51.0,0,1,1,2,expelled
312860,8,74.71428571428571,70.0,95.0,50.0,1,2,1,3,graduated
312869,7,77.83333333333333,73.5,100.0,72.0,1,0,5,0,expelled
312873,6,76.25,77.5,85.0,65.0,0,2,1,1,expelled
312876,9,70.44444444444444,70.0,98.0,50.0,1,2,2,4,graduated
312890,10,81.55555555555556,85.0,100.0,65.0,2,3,3,1,graduated
312916,5,,,,,1,0,0,3,graduated
312970,8,67.83333333333333,65.5,89.0,55.0,0,1,2,3,expelled
312984,9,,,,,0,0,0,3,academic_leave
313006,12,86.0,89.5,98.0,70.0,6,3,3,0,graduated
313009,15,0.5,0.0,4.0,0.0,0,0,0,1,expelled
313016,11,82.4,84.0,98.0,51.0,3,4,2,1,expelled
313047,13,61.27272727272727,59.0,82.0,50.0,0,1,1,8,expelled
313154,10,77.77777777777777,75.0,95.0,64.0,1,2,5,1,graduated
313173,10,74.0,73.5,90.0,50.0,1,2,5,2,graduated
313176,7,63.285714285714285,65.0,73.0,50.0,0,0,3,4,expelled
313180,8,66.0,67.5,73.0,50.0,0,0,4,4,expelled
313257,3,72.5,72.5,85.0,60.0,0,1,0,0,expelled
313364,10,61.22222222222222,57.0,78.0,50.0,0,0,3,6,expelled
313564,7,0.0,0.0,0.0,0.0,0,0,0,0,expelled
313792,7,70.0,70.0,70.0,70.0,0,0,1,0,expelled
314104,8,64.57142857142857,65.0,87.0,50.0,0,1,1,5,graduated
314105,8,67.85714285714286,65.0,87.0,50.0,0,1,2,4,graduated
314267,8,66.42857142857143,65.0,85.0,50.0,0,1,2,4,expelled
314372,9,75.375,72.5,87.0,65.0,0,3,3,2,graduated
314585,6,66.66666666666667,65.0,70.0,65.0,0,0,1,2,expelled
314586,9,72.44444444444444,75.0,85.0,61.0,0,3,2,0,academic_leave
314641,6,0.0,0.0,0.0,0.0,0,0,0,0,expelled
314664,8,65.0,65.0,85.0,50.0,0,1,1,5,graduated
314954,6,71.25,67.5,85.0,65.0,0,1,1,2,expelled
315118,7,65.0,66.0,77.0,50.0,0,0,2,2,expelled
315119,6,62.833333333333336,64.5,75.0,51.0,0,0,2,4,expelled
315122,7,65.83333333333333,65.0,80.0,50.0,0,1,1,4,graduated
315123,8,74.71428571428571,73.0,95.0,60.0,1,1,3,1,expelled
315127,7,74.71428571428571,73.0,95.0,59.0,1,1,3,2,academic_leave
315135,6,66.0,65.0,75.0,55.0,0,0,2,3,expelled
315136,8,66.14285714285714,65.0,85.0,50.0,0,1,2,4,graduated
315224,12,78.63636363636364,80.0,85.0,75.0,0,6,5,0,expelled
315226,7,76.14285714285714,80.0,95.0,50.0,3,1,1,2,graduated
315246,5,70.0,70.0,70.0,70.0,0,0,1,0,academic_leave
315404,13,0.0,0.0,0.0,0.0,0,0,1,0,expelled
315410,4,85.5,85.5,89.0,82.0,0,2,0,0,expelled
315513,4,21.666666666666668,0.0,65.0,0.0,0,0,0,2,academic_leave
315523,3,78.33333333333333,77.0,82.0,76.0,0,1,2,0,expelled
315606,5,,,,,0,0,1,2,expelled
315619,8,75.0,74.5,90.0,55.0,1,2,3,2,expelled
315647,11,73.0,76.0,85.0,50.0,0,3,3,2,expelled
315650,11,77.44444444444444,84.0,90.0,50.0,3,3,1,2,expelled
315771,7,67.0,65.0,70.0,65.0,0,0,2,3,expelled
315915,7,63.166666666666664,62.5,73.0,54.0,0,0,2,3,expelled
315921,8,62.5,65.0,70.0,50.0,0,0,1,3,expelled
315926,4,,,,,0,0,0,0,expelled
315927,2,,,,,0,0,0,0,expelled
315945,5,,,,,0,0,0,0,expelled
316012,6,67.5,67.5,70.0,65.0,0,0,1,1,expelled
316168,9,,,,,0,0,1,1,expelled
316185,7,65.0,65.0,75.0,55.0,0,0,3,3,expelled
316200,9,60.0,55.0,75.0,55.0,0,0,2,5,expelled
316234,7,67.33333333333333,65.0,89.0,50.0,0,1,1,4,academic_leave
316337,6,50.5,50.0,52.0,50.0,0,0,0,6,academic_leave
316610,8,61.0,50.0,88.0,50.0,0,1,1,5,graduated
316619,7,80.4,75.0,95.0,73.0,1,1,3,0,expelled
316621,8,70.28571428571429,65.0,85.0,55.0,0,2,1,4,graduated
316738,4,,,,,1,0,0,2,graduated
316987,1,,,,,0,0,0,0,expelled
317064,10,60.55555555555556,59.0,80.0,50.0,0,1,1,7,graduated
317065,7,66.0,65.0,70.0,65.0,0,0,1,4,expelled
317167,7,,,,,0,0,0,0,expelled
317185,13,52.0,52.0,52.0,52.0,0,1,0,4,expelled
317379,6,67.5,67.5,70.0,65.0,0,0,1,1,expelled
320745,18,84.33333333333333,85.0,95.0,73.0,1,1,1,0,expelled
320751,5,,,,,0,0,0,0,expelled
320754,2,,,,,0,0,0,0,graduated
320766,1,,,,,0,0,0,0,graduated
321169,6,56.333333333333336,52.0,67.0,50.0,0,0,0,6,academic_leave
321171,6,65.33333333333333,65.0,75.0,57.0,0,0,2,3,academic_leave
321174,6,50.0,50.0,50.0,50.0,0,0,0,6,academic_leave
321245,7,66.66666666666667,67.5,80.0,55.0,0,1,2,2,expelled
321426,10,8.75,0.0,70.0,0.0,0,0,1,0,expelled
321444,11,71.63636363636364,70.0,95.0,49.0,2,2,3,3,graduated
321464,1,,,,,0,0,0,0,expelled
321606,4,74.25,78.5,85.0,55.0,0,2,1,1,still_studying
321765,13,,,,,0,0,1,5,graduated
321866,2,25.0,25.0,50.0,0.0,0,0,0,1,academic_leave
322245,6,62.2,59.0,73.0,55.0,0,0,1,4,expelled
322964,6,62.2,65.0,71.0,50.0,0,0,2,3,expelled
323044,11,62.375,58.0,83.0,50.0,0,1,2,5,expelled
323644,10,71.0,70.0,85.0,65.0,0,1,2,2,expelled
323904,8,55.0,55.0,85.0,25.0,0,1,0,1,expelled
325044,8,,,,,0,0,0,1,expelled
325626,9,70.0,70.0,70.0,70.0,0,0,1,2,graduated
325725,14,72.81818181818181,73.0,85.0,65.0,0,2,7,2,expelled
325765,9,,,,,0,0,0,1,expelled
326045,7,73.0,73.0,73.0,73.0,0,0,2,2,expelled
326065,10,72.5,75.0,85.0,52.0,0,1,4,1,expelled
326146,10,79.42857142857143,82.0,90.0,57.0,1,3,2,1,expelled
326465,9,67.75,65.0,95.0,51.0,1,1,1,5,expelled
326746,9,84.88888888888889,84.0,100.0,73.0,3,3,3,0,graduated
326844,10,,,,,0,1,0,1,academic_leave
326944,8,71.625,69.0,95.0,50.0,1,1,2,4,expelled
327067,12,,,,,0,0,2,1,expelled
327526,10,,,,,0,0,0,0,academic_leave
327704,8,68.875,65.0,95.0,55.0,1,0,1,6,academic_leave
327705,11,61.4,55.0,79.0,55.0,0,0,3,7,graduated
327727,1,,,,,0,0,0,0,academic_leave
328064,7,69.0,65.0,80.0,65.0,0,1,1,3,expelled
328244,8,63.0,65.0,70.0,50.0,0,0,1,5,expelled
328365,7,56.6,55.0,70.0,50.0,0,0,1,4,expelled
328366,4,50.0,50.0,50.0,50.0,0,1,0,2,academic_leave
328544,11,64.45454545454545,70.0,85.0,30.0,0,3,3,3,graduated
328744,10,77.9,76.5,97.0,65.0,2,2,3,3,graduated
328904,8,70.0,70.0,70.0,70.0,0,0,2,0,expelled
329588,9,57.44444444444444,70.0,95.0,0.0,1,1,3,2,expelled
329624,11,86.0,89.0,99.0,70.0,5,3,3,0,graduated
329664,2,,,,,0,0,0,0,expelled
329764,11,75.45454545454545,71.0,95.0,60.0,1,4,3,0,expelled
329904,7,67.14285714285714,65.0,85.0,58.0,0,1,1,4,expelled
329924,16,36.0,47.0,84.0,0.0,0,1,2,4,expelled
329965,9,71.66666666666667,75.0,99.0,50.0,2,1,2,4,graduated
330004,12,82.41666666666667,81.5,98.0,65.0,4,4,3,1,graduated
330028,12,64.5,62.0,100.0,25.0,1,3,1,3,expelled
330046,11,75.18181818181819,82.0,95.0,0.0,3,3,4,0,graduated
330048,11,67.0,73.0,90.0,0.0,1,3,3,1,graduated
330050,10,82.77777777777777,86.0,100.0,63.0,3,3,2,0,graduated
330064,10,67.8,63.5,87.0,50.0,0,3,1,5,academic_leave
330090,7,76.14285714285714,77.0,100.0,50.0,1,2,1,3,expelled
330091,8,72.125,75.5,90.0,50.0,1,2,3,2,academic_leave
330093,12,68.41666666666667,76.0,90.0,0.0,2,4,3,1,graduated
330096,10,67.3,69.5,90.0,30.0,1,2,2,3,graduated
330104,9,87.44444444444444,90.0,100.0,77.0,5,2,2,0,expelled
330164,10,88.5,92.5,100.0,50.0,7,2,0,1,graduated
330167,8,74.625,73.0,99.0,54.0,1,1,5,1,graduated
330168,11,89.54545454545455,93.0,100.0,78.0,6,4,1,0,graduated
330169,10,88.6,88.0,100.0,78.0,4,5,1,0,graduated
330185,16,44.8125,40.0,90.0,0.0,1,0,1,5,expelled
330225,22,45.6875,50.0,95.0,0.0,1,0,3,6,academic_leave
330227,9,85.66666666666667,86.0,95.0,74.0,3,5,1,0,graduated
330264,10,91.1,91.5,100.0,80.0,5,5,0,0,graduated
330268,11,53.81818181818182,62.0,100.0,0.0,1,2,2,2,expelled
330284,11,75.54545454545455,79.0,100.0,26.0,4,1,3,2,graduated
330344,10,73.6,74.5,90.0,54.0,1,3,2,3,graduated
330345,9,60.0,54.0,100.0,33.0,1,0,2,5,expelled
330365,10,77.8,80.0,95.0,50.0,2,3,3,2,graduated
330385,10,67.8,65.5,89.0,50.0,0,2,1,6,graduated
330386,14,19.642857142857142,0.0,64.0,0.0,0,0,0,6,expelled
330387,12,77.81818181818181,86.0,97.0,0.0,4,4,1,1,graduated
330464,9,72.44444444444444,74.0,94.0,40.0,1,2,4,1,expelled
330484,14,49.642857142857146,60.0,84.0,0.0,0,2,1,4,expelled
330485,10,81.9,83.0,96.0,61.0,2,5,2,1,graduated
330524,12,76.33333333333333,76.0,96.0,52.0,2,2,6,1,expelled
330544,12,38.833333333333336,26.0,100.0,0.0,1,0,2,1,expelled
330546,9,78.88888888888889,82.0,95.0,57.0,2,4,0,2,graduated
330567,10,89.2,90.5,99.0,75.0,5,3,2,0,expelled
330568,11,79.0909090909091,78.0,97.0,61.0,3,2,2,4,graduated
330570,11,55.81818181818182,60.0,78.0,30.0,0,0,2,4,graduated
330584,14,28.642857142857142,25.0,70.0,0.0,0,0,1,6,expelled
330666,8,0.0,0.0,0.0,0.0,0,0,0,0,expelled
330669,10,87.9,89.5,100.0,75.0,5,3,2,0,graduated
330673,10,77.5,78.0,95.0,52.0,1,4,3,2,graduated
330674,10,66.8,58.5,95.0,51.0,1,2,1,5,graduated
330684,10,79.5,81.5,95.0,52.0,2,3,4,1,graduated
330704,9,84.44444444444444,89.0,100.0,55.0,4,3,0,1,graduated
330825,8,63.57142857142857,54.0,100.0,50.0,1,0,1,5,expelled
330829,9,82.22222222222223,85.0,95.0,67.0,2,4,2,1,expelled
330832,12,74.54545454545455,80.0,97.0,25.0,2,4,3,1,graduated
330834,10,90.0,92.0,98.0,77.0,6,3,1,0,graduated
330835,10,83.3,85.0,95.0,65.0,2,6,1,1,graduated
330837,22,46.92307692307692,55.0,96.0,0.0,2,0,1,4,expelled
330844,10,22.9,0.0,87.0,0.0,0,2,0,1,expelled
330848,10,71.3,74.5,94.0,51.0,1,2,3,4,graduated
330885,10,78.5,82.0,100.0,55.0,2,4,1,2,graduated
330895,8,62.0,59.0,90.0,50.0,1,0,1,4,graduated
330907,11,70.63636363636364,74.0,99.0,40.0,2,2,2,3,graduated
330927,8,80.875,81.0,89.0,73.0,0,6,2,0,graduated
330931,14,46.92857142857143,51.0,95.0,0.0,1,1,0,7,graduated
330933,13,48.61538461538461,61.0,77.0,0.0,0,0,4,4,expelled
330934,11,63.18181818181818,73.0,91.0,0.0,2,1,4,2,expelled
330935,10,80.1,82.0,97.0,61.0,4,2,1,1,graduated
330939,10,80.4,86.5,95.0,58.0,3,3,1,3,graduated
330940,9,75.88888888888889,75.0,94.0,56.0,2,2,1,4,academic_leave
330944,8,66.14285714285714,60.0,86.0,50.0,0,2,1,4,expelled
330984,11,78.0909090909091,84.0,96.0,25.0,1,6,3,0,graduated
331004,9,74.33333333333333,75.0,94.0,60.0,1,1,4,2,academic_leave
331010,9,87.44444444444444,93.0,100.0,59.0,5,2,1,1,graduated
331012,11,77.18181818181819,75.0,96.0,57.0,2,2,5,1,graduated
331026,8,79.375,79.5,95.0,62.0,1,3,3,0,graduated
331027,10,76.9,78.0,95.0,60.0,1,4,3,1,graduated
331045,10,85.7,87.5,98.0,57.0,3,5,1,1,graduated
331046,9,79.88888888888889,88.0,97.0,58.0,3,2,1,2,graduated
331084,13,55.69230769230769,59.0,85.0,25.0,0,1,3,5,expelled
331128,10,64.88888888888889,74.0,94.0,0.0,1,2,4,0,graduated
331165,7,50.5,57.5,73.0,0.0,0,0,1,4,expelled
331166,11,70.45454545454545,77.0,100.0,25.0,1,1,4,4,expelled
331168,8,82.375,82.0,95.0,74.0,1,4,3,0,graduated
331188,9,85.11111111111111,92.0,100.0,50.0,5,1,2,1,graduated
331190,7,,,,,0,0,0,0,expelled
331191,8,67.57142857142857,63.0,95.0,50.0,1,1,1,3,academic_leave
331192,9,68.85714285714286,67.0,94.0,50.0,1,2,1,2,expelled
331196,8,69.28571428571429,77.0,80.0,50.0,0,1,3,3,graduated
331198,13,52.15384615384615,50.0,78.0,0.0,0,0,3,7,expelled
331200,8,69.0,64.0,87.0,51.0,0,2,1,3,graduated
331204,10,84.55555555555556,87.0,95.0,73.0,2,5,2,0,graduated
331206,9,89.66666666666667,90.0,100.0,75.0,5,3,1,0,graduated
331207,8,64.28571428571429,57.0,93.0,50.0,1,1,0,5,graduated
331209,9,86.11111111111111,85.0,100.0,62.0,4,2,2,1,graduated
331212,6,0.0,0.0,0.0,0.0,0,0,0,0,expelled
331214,10,88.33333333333333,90.0,96.0,79.0,5,3,1,0,graduated
331216,3,80.0,75.0,95.0,70.0,1,0,2,0,expelled
331217,11,64.81818181818181,66.0,100.0,0.0,2,2,1,3,graduated
331218,9,62.22222222222222,65.0,85.0,0.0,0,3,1,4,expelled
331221,8,74.85714285714286,70.0,97.0,50.0,3,0,1,3,graduated
331223,7,0.0,0.0,0.0,0.0,0,0,0,0,expelled
331224,9,70.77777777777777,75.0,85.0,52.0,0,1,5,2,expelled
331225,11,11.181818181818182,0.0,73.0,0.0,0,0,1,1,expelled
331226,8,91.0,90.5,98.0,85.0,5,3,0,0,graduated
331227,9,73.25,85.0,89.0,50.0,1,4,0,3,graduated
331228,6,65.83333333333333,67.0,80.0,50.0,0,1,2,2,expelled
331230,12,4.583333333333333,0.0,30.0,0.0,0,0,0,0,expelled
331234,8,74.14285714285714,80.0,95.0,50.0,1,3,1,2,graduated
331235,12,71.81818181818181,80.0,89.0,30.0,0,6,2,2,academic_leave
331236,9,53.888888888888886,50.0,94.0,0.0,1,1,1,6,expelled
331243,16,29.375,25.0,85.0,0.0,0,1,1,6,expelled
331244,8,72.0,80.0,85.0,50.0,0,4,1,2,expelled
331248,10,54.5,64.0,84.0,0.0,0,1,3,2,expelled
331250,9,83.22222222222223,86.0,90.0,60.0,1,6,1,0,expelled
331251,10,85.7,85.0,98.0,77.0,2,6,2,0,graduated
331253,11,6.7272727272727275,0.0,74.0,0.0,0,0,1,0,expelled
331266,8,68.125,64.0,95.0,50.0,2,0,2,4,expelled
331271,8,67.14285714285714,64.0,79.0,59.0,0,0,3,3,expelled
331272,15,51.25,63.0,96.0,0.0,1,0,3,5,expelled
331280,8,0.0,0.0,0.0,0.0,0,0,0,0,expelled
331281,11,41.27272727272727,50.0,95.0,0.0,1,0,0,4,expelled
331324,11,64.45454545454545,63.0,98.0,0.0,2,2,1,3,graduated
331345,9,79.0,79.0,93.0,70.0,1,3,5,0,graduated
331346,11,79.27272727272727,80.0,93.0,68.0,1,5,4,1,expelled
331366,13,57.6,59.0,95.0,25.0,1,1,0,6,academic_leave
331385,11,67.45454545454545,75.0,84.0,39.0,0,2,5,3,graduated
331387,2,56.5,56.5,80.0,33.0,0,1,0,0,expelled
331390,7,19.571428571428573,0.0,72.0,0.0,0,0,1,1,expelled
331391,8,11.5,0.0,80.0,0.0,0,1,0,1,expelled
331393,11,72.3,75.5,89.0,55.0,0,4,2,4,expelled
331394,13,52.46153846153846,60.0,100.0,0.0,2,0,2,1,graduated
331395,6,64.16666666666667,65.0,81.0,51.0,0,1,1,4,expelled
331397,8,72.28571428571429,78.0,94.0,55.0,2,0,2,3,graduated
331400,9,74.55555555555556,85.0,97.0,0.0,3,2,2,1,academic_leave
331401,8,81.57142857142857,80.0,96.0,55.0,2,2,2,1,graduated
331402,6,0.0,0.0,0.0,0.0,0,0,0,0,expelled
331404,11,74.63636363636364,81.0,95.0,27.0,1,5,2,1,graduated
331425,8,65.71428571428571,69.0,75.0,50.0,0,0,3,4,graduated
331426,7,0.0,0.0,0.0,0.0,0,0,0,0,expelled
331428,10,75.66666666666667,79.0,89.0,63.0,0,3,4,2,graduated
331444,11,55.09090909090909,51.0,94.0,0.0,1,0,2,5,expelled
331445,9,61.875,65.5,93.0,0.0,1,2,1,4,graduated
331447,10,70.66666666666667,68.0,86.0,60.0,0,3,1,3,graduated
331449,12,73.36363636363636,80.0,97.0,25.0,1,5,3,1,graduated
331450,6,61.333333333333336,59.5,70.0,55.0,0,0,2,3,academic_leave
331453,7,32.142857142857146,0.0,75.0,0.0,0,0,3,0,expelled
331454,11,66.9090909090909,76.0,91.0,30.0,1,2,4,2,graduated
331455,10,89.5,92.0,97.0,75.0,7,1,2,0,graduated
331457,7,64.42857142857143,69.0,76.0,50.0,0,0,4,3,expelled
331462,8,76.85714285714286,90.0,95.0,0.0,4,2,0,0,graduated
331464,8,61.0,76.5,95.0,0.0,3,0,2,1,expelled
331465,13,60.53846153846154,65.0,98.0,0.0,1,2,3,5,expelled
331467,10,69.5,71.5,91.0,50.0,1,1,4,4,graduated
331477,10,79.5,78.0,95.0,62.0,4,1,2,2,graduated
331482,14,58.61538461538461,62.0,88.0,0.0,0,4,1,4,expelled
331486,14,55.142857142857146,59.0,95.0,0.0,1,2,2,4,expelled
331489,9,90.66666666666667,95.0,100.0,74.0,6,1,2,0,graduated
331564,8,52.625,50.0,93.0,0.0,1,0,1,5,expelled
331588,6,67.83333333333333,71.0,80.0,51.0,0,1,3,2,academic_leave
331589,13,80.38461538461539,91.0,100.0,0.0,7,3,0,2,expelled
331625,7,75.85714285714286,79.0,94.0,55.0,2,1,2,2,expelled
331647,9,53.25,51.5,85.0,0.0,0,2,0,5,graduated
331651,9,88.44444444444444,93.0,96.0,74.0,5,3,1,0,graduated
331652,9,77.77777777777777,78.0,90.0,57.0,1,3,4,1,graduated
331658,7,73.71428571428571,69.0,93.0,55.0,2,1,1,2,expelled
331659,8,0.0,0.0,0.0,0.0,0,0,0,0,expelled
331665,7,68.57142857142857,70.0,87.0,50.0,0,3,1,3,expelled
331668,14,51.07142857142857,50.0,93.0,0.0,1,2,4,3,graduated
331674,8,71.85714285714286,77.0,94.0,52.0,2,1,1,3,graduated
331685,8,0.0,0.0,0.0,0.0,0,0,0,0,expelled
331686,8,0.0,0.0,0.0,0.0,0,0,0,0,expelled
331688,7,0.0,0.0,0.0,0.0,0,0,0,0,expelled
331689,7,0.0,0.0,0.0,0.0,0,0,0,0,expelled
331690,7,0.0,0.0,0.0,0.0,0,0,0,0,expelled
331691,6,55.833333333333336,60.5,95.0,0.0,1,0,1,3,expelled
331694,8,68.57142857142857,78.0,87.0,50.0,1,1,2,3,graduated
331702,9,52.77777777777778,55.0,88.0,0.0,0,2,2,4,graduated
331704,8,75.42857142857143,74.0,93.0,55.0,1,1,4,1,graduated
331708,11,69.0,77.0,88.0,0.0,0,4,4,2,graduated
331709,11,72.0,78.0,96.0,45.0,1,4,1,4,graduated
331713,14,64.28571428571429,62.0,94.0,30.0,1,3,0,6,expelled
331720,12,58.416666666666664,60.5,92.0,0.0,1,2,2,5,academic_leave
331730,10,54.333333333333336,50.0,93.0,0.0,1,2,0,4,graduated
331746,10,72.1,70.0,100.0,50.0,2,2,2,4,expelled
331756,11,79.9090909090909,79.0,98.0,53.0,4,1,3,3,graduated
331764,10,81.2,77.5,100.0,65.0,3,1,4,2,graduated
331765,7,76.0,85.0,100.0,50.0,1,3,1,2,expelled
331766,9,87.55555555555556,88.0,100.0,70.0,4,3,2,0,graduated
331771,10,86.9,87.5,96.0,75.0,4,3,3,0,graduated
331773,15,81.86666666666666,90.0,95.0,0.0,8,4,2,0,graduated
331775,12,20.25,0.0,88.0,0.0,0,1,0,2,expelled
331777,14,91.92857142857143,95.0,100.0,80.0,11,3,0,0,graduated
331778,14,90.28571428571429,91.0,100.0,75.0,11,2,1,0,graduated
331779,10,30.4,0.0,90.0,0.0,1,1,1,1,expelled
331781,14,91.14285714285714,92.5,100.0,82.0,9,5,0,0,graduated
331782,9,62.75,69.5,83.0,0.0,0,2,3,2,graduated
331786,12,53.583333333333336,53.5,86.0,25.0,0,1,2,4,graduated
331787,15,81.53333333333333,90.0,100.0,0.0,8,3,3,0,graduated
331790,14,92.0,95.0,100.0,71.0,12,1,1,0,graduated
331791,14,92.21428571428571,95.0,100.0,80.0,12,2,0,0,graduated
331792,14,91.92857142857143,91.0,100.0,85.0,12,2,0,0,graduated
331793,7,72.71428571428571,75.0,92.0,54.0,1,2,1,2,expelled
331794,9,65.33333333333333,74.0,90.0,0.0,1,1,4,1,graduated
331795,8,92.875,95.0,98.0,85.0,6,2,0,0,graduated
331796,8,95.0,97.0,100.0,89.0,7,1,0,0,graduated
331797,8,90.625,94.0,97.0,78.0,6,1,1,0,graduated
331799,8,89.875,91.5,95.0,80.0,5,3,0,0,graduated
331800,8,87.875,91.0,95.0,70.0,6,0,2,0,graduated
331802,7,79.28571428571429,75.0,100.0,60.0,1,1,3,1,academic_leave
331805,10,0.0,0.0,0.0,0.0,0,0,0,0,expelled
331806,8,86.5,87.0,90.0,80.0,1,7,0,0,graduated
331807,16,4.375,0.0,35.0,0.0,0,0,0,0,expelled
331808,8,71.71428571428571,70.0,96.0,55.0,1,0,4,2,graduated
332009,9,68.55555555555556,72.0,90.0,50.0,1,2,2,4,graduated
332227,8,71.25,72.5,95.0,30.0,2,1,3,1,expelled
332230,9,69.22222222222223,71.0,95.0,50.0,2,0,4,3,expelled
332235,12,66.41666666666667,57.5,95.0,46.0,2,1,2,6,expelled
332250,6,71.16666666666667,71.5,89.0,51.0,0,3,0,2,academic_leave
332251,8,82.57142857142857,85.0,97.0,67.0,2,2,2,1,graduated
332252,6,71.16666666666667,70.0,81.0,58.0,0,1,2,2,academic_leave
332264,16,37.4,50.0,85.0,0.0,0,2,2,5,graduated
332285,9,0.0,0.0,0.0,0.0,0,0,0,0,expelled
332289,7,0.0,0.0,0.0,0.0,0,0,0,0,expelled
332290,11,73.72727272727273,75.0,97.0,50.0,1,4,2,4,graduated
332291,13,39.38461538461539,52.0,85.0,0.0,0,2,4,2,expelled
332324,10,75.0,79.0,90.0,50.0,1,4,1,4,graduated
332327,10,83.7,86.5,98.0,61.0,4,3,2,0,expelled
332330,15,38.53333333333333,50.0,80.0,0.0,0,1,0,5,expelled
332332,10,60.1,62.0,92.0,0.0,1,2,2,4,graduated
332333,15,50.666666666666664,55.0,89.0,0.0,0,3,2,5,graduated
332339,9,85.55555555555556,89.0,100.0,53.0,4,3,1,1,graduated
332344,12,83.41666666666667,84.5,100.0,69.0,2,5,4,1,expelled
332348,12,91.41666666666667,93.0,100.0,74.0,7,4,1,0,graduated
332349,11,73.3,80.0,86.0,50.0,0,6,0,4,graduated
332350,9,67.75,74.5,82.0,50.0,0,2,3,3,graduated
332352,6,64.16666666666667,62.0,81.0,50.0,0,2,1,3,academic_leave
332353,6,24.333333333333332,0.0,81.0,0.0,0,1,0,1,expelled
332356,6,65.83333333333333,65.5,81.0,51.0,0,2,1,3,academic_leave
332358,14,63.857142857142854,70.0,90.0,25.0,1,1,5,4,graduated
332359,10,61.5,68.0,87.0,0.0,0,1,4,4,graduated
332360,12,74.08333333333333,74.0,98.0,51.0,1,4,3,3,graduated
332361,10,68.3,69.5,90.0,52.0,1,1,3,4,graduated
332365,12,73.25,78.0,97.0,35.0,4,2,1,3,graduated
332367,6,73.5,72.0,89.0,62.0,0,2,1,3,academic_leave
332380,14,53.642857142857146,51.5,89.0,0.0,0,3,2,5,graduated
332385,7,72.71428571428571,78.0,89.0,52.0,0,2,3,2,expelled
332392,14,55.6,59.5,77.0,0.0,0,0,2,7,graduated
332394,10,79.4,76.0,96.0,64.0,4,1,2,3,academic_leave
332396,10,71.2,74.5,94.0,26.0,1,3,4,1,graduated
332397,8,0.0,0.0,0.0,0.0,0,0,0,0,expelled
332398,10,59.1,63.5,80.0,0.0,0,1,2,4,graduated
332399,8,80.75,82.5,92.0,63.0,2,3,2,1,graduated
332400,6,47.5,61.0,90.0,0.0,1,0,2,1,expelled
332402,8,0.0,0.0,0.0,0.0,0,0,0,0,expelled
332403,11,69.9090909090909,75.0,100.0,25.0,2,3,1,4,graduated
332405,8,0.0,0.0,0.0,0.0,0,0,0,0,expelled
332406,8,6.5,0.0,52.0,0.0,0,0,0,1,expelled
332412,7,25.0,0.0,95.0,0.0,1,1,0,0,expelled
332413,9,78.22222222222223,84.0,87.0,56.0,0,6,1,1,graduated
332414,13,82.6923076923077,84.0,98.0,65.0,4,4,4,1,graduated
332415,9,74.0,75.0,95.0,51.0,1,3,2,3,graduated
332416,8,73.42857142857143,80.0,86.0,50.0,0,4,1,2,expelled
332418,9,85.55555555555556,83.0,100.0,70.0,4,1,4,0,graduated
332419,9,85.44444444444444,92.0,100.0,52.0,6,1,0,2,graduated
332425,9,89.75,91.0,99.0,78.0,4,3,1,0,graduated
332428,11,58.45454545454545,52.0,92.0,0.0,1,2,1,4,graduated
332450,10,76.0,70.5,100.0,54.0,3,1,2,3,graduated
332455,8,73.75,74.0,98.0,52.0,2,2,0,3,graduated
332457,11,75.36363636363636,77.0,95.0,30.0,4,1,3,2,graduated
332459,14,53.0,52.0,97.0,0.0,1,2,1,5,expelled
332461,10,79.66666666666667,80.0,96.0,62.0,3,2,2,0,graduated
332462,11,69.54545454545455,74.0,85.0,25.0,0,3,5,2,graduated
332484,9,86.66666666666667,87.0,100.0,74.0,4,3,2,0,graduated
332485,10,86.0,86.5,97.0,69.0,4,4,1,1,graduated
332496,10,79.2,81.0,100.0,50.0,3,3,1,3,graduated
332497,9,66.375,58.5,92.0,50.0,1,1,1,4,graduated
332498,8,71.0,75.0,80.0,55.0,0,1,4,2,graduated
332499,11,80.2,84.0,95.0,60.0,1,5,3,0,graduated
332500,7,56.57142857142857,60.0,85.0,0.0,0,1,2,3,expelled
332503,6,58.333333333333336,65.5,89.0,0.0,0,2,1,2,expelled
332507,12,77.91666666666667,76.0,97.0,50.0,1,4,5,2,expelled
332509,10,67.3,62.5,88.0,52.0,0,2,2,5,graduated
332511,9,71.25,77.0,93.0,50.0,1,3,1,3,graduated
332514,6,82.16666666666667,87.0,100.0,50.0,3,1,1,1,academic_leave
332518,8,0.0,0.0,0.0,0.0,0,0,0,0,expelled
332519,10,56.1,55.0,94.0,30.0,1,0,1,4,expelled
332521,13,65.83333333333333,67.5,85.0,25.0,0,3,3,4,graduated
332522,9,56.5,57.5,61.0,50.0,0,0,0,2,expelled
332523,9,83.66666666666667,84.0,95.0,75.0,2,4,3,0,graduated
332527,13,61.61538461538461,65.0,93.0,0.0,2,3,0,6,academic_leave
332529,7,69.71428571428571,74.0,95.0,50.0,1,2,1,3,expelled
332533,12,42.666666666666664,50.0,89.0,0.0,0,1,2,5,expelled
332535,8,85.85714285714286,80.0,96.0,78.0,3,1,3,0,expelled
332541,12,44.0,53.0,90.0,0.0,1,0,2,3,expelled
332546,9,81.0,83.0,99.0,61.0,1,4,3,0,graduated
332551,20,43.2,30.0,92.0,30.0,1,1,0,2,academic_leave
332566,11,71.27272727272727,80.0,98.0,0.0,4,2,1,3,graduated
332567,10,88.9,89.5,100.0,73.0,5,3,2,0,graduated
332570,10,65.33333333333333,60.0,95.0,51.0,2,0,0,6,graduated
332572,10,83.6,86.5,100.0,58.0,3,4,2,1,academic_leave
332575,9,82.66666666666667,81.0,95.0,76.0,1,5,3,0,graduated
332588,17,43.0,50.0,85.0,0.0,0,3,0,7,expelled
332590,10,81.3,81.0,95.0,66.0,1,6,2,1,graduated
332625,11,71.0909090909091,70.0,96.0,30.0,2,2,2,4,graduated
332631,27,48.5625,50.0,95.0,0.0,2,0,0,9,expelled
332633,8,84.375,87.0,93.0,75.0,2,3,3,0,graduated
332637,15,47.333333333333336,50.0,80.0,0.0,0,2,0,8,academic_leave
332638,9,68.0,70.0,95.0,50.0,1,1,3,3,expelled
332639,10,63.1,61.5,88.0,31.0,0,2,1,6,graduated
332647,10,80.1,78.5,100.0,67.0,1,4,4,1,expelled
332648,12,53.0,66.5,90.0,0.0,1,1,2,5,expelled
332652,10,79.3,80.0,98.0,50.0,1,4,4,1,graduated
332665,9,57.666666666666664,52.0,70.0,50.0,0,0,1,7,expelled
332667,15,47.666666666666664,51.0,89.0,0.0,0,3,0,6,expelled
332686,9,62.888888888888886,60.0,94.0,50.0,1,0,1,5,academic_leave
332687,13,59.0,62.0,90.0,0.0,1,3,1,5,graduated
332724,11,71.27272727272727,67.0,95.0,51.0,2,0,3,4,graduated
332725,9,74.33333333333333,73.0,94.0,52.0,2,2,1,4,graduated
332728,12,72.58333333333333,74.0,90.0,51.0,2,1,5,3,graduated
332730,7,73.71428571428571,80.0,100.0,50.0,2,2,0,3,academic_leave
332734,6,73.33333333333333,77.5,81.0,51.0,0,2,3,1,academic_leave
332735,6,75.5,80.0,82.0,51.0,0,4,1,1,academic_leave
332737,14,82.07142857142857,82.5,100.0,66.0,3,6,4,1,graduated
332740,7,49.285714285714285,55.0,70.0,0.0,0,0,1,3,expelled
332745,23,42.82608695652174,49.0,87.0,0.0,0,2,1,6,expelled
332747,11,71.45454545454545,75.0,97.0,30.0,2,2,3,3,expelled
332753,15,47.61538461538461,50.0,86.0,0.0,0,2,0,6,graduated
332754,9,60.77777777777778,55.0,86.0,25.0,0,2,2,4,expelled
332758,11,63.18181818181818,60.0,85.0,25.0,0,3,2,5,graduated
332761,13,70.23076923076923,75.0,95.0,30.0,1,4,2,5,graduated
332762,9,0.0,0.0,0.0,0.0,0,0,0,0,expelled
332764,10,81.11111111111111,80.0,96.0,60.0,3,2,3,0,expelled
332766,12,63.666666666666664,66.5,90.0,30.0,2,1,3,2,expelled
332767,7,62.0,61.5,70.0,55.0,0,0,2,2,expelled
332768,9,89.5,89.5,98.0,80.0,4,4,0,0,graduated
332769,12,48.75,52.5,80.0,0.0,0,2,1,5,expelled
332771,8,10.0,0.0,80.0,0.0,0,1,0,0,expelled
332772,11,65.72727272727273,67.0,85.0,25.0,0,3,2,5,expelled
332773,9,85.55555555555556,91.0,100.0,57.0,6,1,0,2,graduated
332774,12,81.08333333333333,79.0,97.0,52.0,3,3,5,1,graduated
332776,11,58.36363636363637,62.0,87.0,0.0,0,2,3,4,graduated
332779,11,59.18181818181818,65.0,84.0,0.0,0,3,1,5,expelled
332780,12,56.416666666666664,68.0,86.0,0.0,0,2,3,5,graduated
332790,6,70.83333333333333,78.5,85.0,51.0,0,3,1,2,academic_leave
332793,10,73.1,76.5,93.0,54.0,1,3,3,2,graduated
332795,13,55.61538461538461,64.0,95.0,0.0,1,3,2,3,expelled
332796,5,81.2,85.0,97.0,56.0,1,3,0,1,expelled
332806,11,93.0,94.0,100.0,80.0,9,2,0,0,expelled
332813,10,0.0,0.0,0.0,0.0,0,0,0,0,expelled
332818,9,59.666666666666664,50.0,89.0,50.0,0,2,0,7,graduated
332820,7,68.0,68.0,93.0,50.0,1,0,3,3,expelled
332821,11,85.72727272727273,90.0,100.0,65.0,6,1,2,2,graduated
332825,9,90.44444444444444,91.0,97.0,81.0,5,4,0,0,graduated
